GameID,title
1,Grand Theft Auto: San Andreas
2,League of Stickman - Best action game(Dreamsky)
3,Shadow Knight Arena: Online Fighting Game
4,Cyber Fighters: League of Cyberpunk Stickman 2077
5,Stickman Master: League Of Shadow - Ninja Fight
6,Assassin's Creed Identity
7,The Sun Origin: Post-apocalyptic action shooter
8,Shadow of Death: Dark Knight - Stickman Fighting
9,Five Nights at Freddy's
10,Hitman Sniper
11,Zombie Age 3 Premium: Rules of Survival
12,Dungeon Shooter : The Forgotten Temple
13,Stickman Ghost: Ninja Warrior Action Offline Game
14,Stickman Legends: Shadow War Offline Fighting Game
15,Shadow Fight 2 Special Edition
16,Don't Starve: Pocket Edition
17,Live or Die: Zombie Survival Pro
18,Lifeline: Flatline
19,Epic Heroes War: Shadow Lord Stickman - Premium
20,Alien: Blackout
21,LIMBO
22,ì„œìš¸ 2033 : í›„ì›ìž
23,Terraria
24,60 Seconds! Atomic Adventure
25,TL Pro
26,Galaxy Shooter : Falcon Squad Premium
27,Geometry Dash
28,Worms 3
29,Vector Full
30,THE KING OF FIGHTERS-A 2012
31,Fruit Ninja Classic
32,John GBA - GBA emulator
33,Galaxy Warrior: Alien Attack
34,Minecraft
35,Galaxy Attack: Alien Shooter (Premium)
36,Space Shooter: Alien vs Galaxy Attack (Premium)
37,THE KING OF FIGHTERS '98
38,Grand Theft Auto: Vice City
39,"WindWings: Space shooter, Galaxy attack (Premium)"
40,Max Payne Mobile
41,Carcassonne: Official Board Game -Tiles & Tactics
42,Monopoly - Board game classic about real-estate!
43,Catan Classic
44,Chess - Analyze This (Pro)
45,Through the Ages
46,"THE GAME OF LIFE 2 - More choices, more freedom!"
47,The Game of Life
48,Ticket to Ride
49,Root Board Game
50,Splendor
51,Clue
52,Talisman
53,Terraforming Mars
54,Reigns: Game of Thrones
55,Reigns
56,Pirates Outlaws
57,Solitaire+
58,Meteorfall: Journeys
59,Cultist Simulator
60,Meteorfall: Krumit's Tale
61,Theme Solitaire Tripeaks Tri Tower PV
62,Triple Fantasy Premium
63,Exploding KittensÂ® - Official
64,Reigns: Her Majesty
65,Card Counter
66,Lucky Leprechaun Slots PAID
67,Scratch-a-Lotto Scratch Card Lottery PAID
68,Blackjack & Card Counting Trainer Pro
69,Wild West Faro
70,VIP Slots Club â˜… VIP Casino
71,Top Money ðŸ’µ Slots (PREMIUM)
72,MEGA Money Slots PAID
73,Cleopatra Keno
74,My PlayHome Stores
75,Hidden Folks
76,My PlayHome School
77,Grow Zombie VIP - Merge Zombies
78,My PlayHome : Play Home Doll House
79,My PlayHome Hospital
80,Teach Your Monster to Read: Phonics & Reading Game
81,Dr. Panda School
82,Peppa Pig: Sports Day
83,A Dance of Fire and Ice
84,Incredibox
85,Beat Legend: AVICII
86,Lowriders Comeback 2: Cruising
87,Cytus II
88,Pango Musical March
89,Muse Dash
90,O2Jam - Music & Game
91,My Singing Monsters Composer
92,Monument Valley
93,The Room: Old Sins
94,Human: Fall Flat
95,Where's My Water?
96,Lara Croft GO
97,Monument Valley 2
98,The Room Two
99,The Room Three
100,The Room
101,Bridge Constructor Portal
102,Motorsport Manager Mobile 2
103,Riptide GP2
104,Real Drift Car Racing
105,F1 2016
106,Illegal Race Tuning - Real car racing multiplayer
107,Need for Speed Most Wanted
108,Bike Race Pro by T. F. Games
109,GRIDâ„¢ Autosport
110,Draw Rider Plus
111,Motorsport Manager Mobile 3
112,Earn to Die
113,Reckless Racing 3
114,Dungeon Corporation P : (An auto-farming RPG game)
115,Stardew Valley
116,Star Warsâ„¢: KOTOR
117,Mystery of Fortune 2
118,Devil Twins: VIP
119,Dungeon Corporation VIP: An auto-farming RPG game!
120,[VIP] +9 God Blessing Knight - Cash Knight
121,Ticket to Earth
122,Everybody's RPG
123,Day R Premium
124,Dungeon Corporation S: An auto-farming RPG game!
125,Mystic Guardian PV: Old School Action RPG
126,Neo Monsters
127,Evertale
128,Romancing SaGa3
129,[VIP]Missile Dude RPG: Tap Tap Missile
130,This War of Mine
131,Game Dev Tycoon
132,Townsmen Premium
133,Infinite Flight - Flight Simulator
134,Farming Simulator 18
135,Farming Simulator 20
136,Animal Forest : Fuzzy Seasons (Start Pack Edition)
137,Pocket City
138,Bridge Constructor
139,My Celestial Tree VIP - Unique Beautiful Game
140,NBA 2K20
141,NBA JAM  by EA SPORTSâ„¢
142,OK Golf
143,Football Agent
144,True Skate
145,Ice Rage: Hockey Multiplayer game
146,Football Chairman Pro - Build a Soccer Empire
147,Football Manager 2020 Mobile
148,Eternity Legends Premium
149,Iron Marines: RTS Offline Real Time Strategy Game
150,Heroes Infinity Premium
151,Rusted Warfare - RTS Strategy
152,Five Nights at Freddy's 2
153,King of Defense Premium: Tower Defense Offline
154,Kingdom Rush Vengeance TD
155,The Escapists 2: Pocket Breakout
156,Kingdom Rush Origins - Tower Defense Game
157,Kingdom Rush Frontiers - Tower Defense Game
158,Teeny Titans - Teen Titans Go!
159,Dungeon Maker
160,Bloons TD 6
161,Empire Warriors Premium: Tower Defense Games
162,Castle Defender Premium: Hero Idle Defense TD
163,Cartoon Craft
164,Bloons TD 5
165,Trivia Crack (No Ads)
166,Sporcle
167,Majotori
168,Endless Quiz Pro
169,Classic Words Plus
170,Wordfeud
