item_id,Game name,recommendations
0,Grand Theft Auto: San Andreas,"[Row(user_id=107167, rating=5.325936794281006), Row(user_id=60476, rating=5.2053422927856445), Row(user_id=191672, rating=5.1748456954956055), Row(user_id=123876, rating=5.155991077423096), Row(user_id=189068, rating=4.988375186920166), Row(user_id=23810, rating=4.976731777191162), Row(user_id=16870, rating=4.976731777191162), Row(user_id=5160, rating=4.976731777191162), Row(user_id=17040, rating=4.976731777191162), Row(user_id=21450, rating=4.976731777191162)]"
1,League of Stickman - Best action game(Dreamsky),"[Row(user_id=184876, rating=7.269229888916016), Row(user_id=176712, rating=6.702705383300781), Row(user_id=142159, rating=6.463419437408447), Row(user_id=136844, rating=6.321738243103027), Row(user_id=135133, rating=6.21370792388916), Row(user_id=64833, rating=6.20102596282959), Row(user_id=84518, rating=6.1643595695495605), Row(user_id=63081, rating=6.149496555328369), Row(user_id=86677, rating=6.032311916351318), Row(user_id=224785, rating=6.0197224617004395)]"
2,Shadow Knight Arena: Online Fighting Game,"[Row(user_id=123864, rating=5.71162223815918), Row(user_id=69445, rating=5.518843650817871), Row(user_id=168286, rating=5.378776550292969), Row(user_id=90217, rating=5.326032638549805), Row(user_id=18368, rating=5.318048000335693), Row(user_id=179551, rating=5.316042423248291), Row(user_id=22404, rating=5.310475826263428), Row(user_id=90975, rating=5.2670063972473145), Row(user_id=213427, rating=5.243399620056152), Row(user_id=16310, rating=5.238760471343994)]"
3,Cyber Fighters: League of Cyberpunk Stickman 2077,"[Row(user_id=44634, rating=8.755295753479004), Row(user_id=130595, rating=8.036598205566406), Row(user_id=123864, rating=7.956167697906494), Row(user_id=1077, rating=7.933771133422852), Row(user_id=67335, rating=7.863360404968262), Row(user_id=138512, rating=7.78564977645874), Row(user_id=203553, rating=7.78564977645874), Row(user_id=36897, rating=7.71232795715332), Row(user_id=141796, rating=7.6832966804504395), Row(user_id=99512, rating=7.599911689758301)]"
4,Stickman Master: League Of Shadow - Ninja Fight,"[Row(user_id=30764, rating=10.373587608337402), Row(user_id=134768, rating=10.132533073425293), Row(user_id=187949, rating=9.55673599243164), Row(user_id=90865, rating=9.467479705810547), Row(user_id=8136, rating=9.3624849319458), Row(user_id=141796, rating=9.20778751373291), Row(user_id=102973, rating=8.92879867553711), Row(user_id=27960, rating=8.863274574279785), Row(user_id=135025, rating=8.74071979522705), Row(user_id=110924, rating=8.555963516235352)]"
5,Assassin's Creed Identity,"[Row(user_id=23508, rating=7.972052574157715), Row(user_id=97621, rating=7.667356967926025), Row(user_id=162833, rating=7.549169540405273), Row(user_id=175222, rating=7.487931251525879), Row(user_id=186541, rating=7.3684210777282715), Row(user_id=3276, rating=7.2205986976623535), Row(user_id=88857, rating=7.19450044631958), Row(user_id=190705, rating=7.141082286834717), Row(user_id=192151, rating=7.075740337371826), Row(user_id=191335, rating=7.0499677658081055)]"
6,The Sun Origin: Post-apocalyptic action shooter,"[Row(user_id=48858, rating=6.381217002868652), Row(user_id=145852, rating=6.349895477294922), Row(user_id=86463, rating=6.334262371063232), Row(user_id=161599, rating=6.2741193771362305), Row(user_id=72729, rating=6.249888896942139), Row(user_id=186541, rating=6.142707347869873), Row(user_id=162833, rating=6.118590831756592), Row(user_id=192729, rating=6.112263202667236), Row(user_id=40822, rating=6.096251010894775), Row(user_id=196681, rating=6.096113681793213)]"
7,Shadow of Death: Dark Knight - Stickman Fighting,"[Row(user_id=130406, rating=7.4748029708862305), Row(user_id=107167, rating=7.465628623962402), Row(user_id=184876, rating=7.3949198722839355), Row(user_id=118513, rating=7.286237716674805), Row(user_id=48858, rating=7.282325267791748), Row(user_id=60476, rating=7.155656337738037), Row(user_id=191527, rating=7.101596355438232), Row(user_id=63081, rating=7.015077590942383), Row(user_id=208713, rating=6.915908336639404), Row(user_id=105170, rating=6.894838809967041)]"
8,Five Nights at Freddy's,"[Row(user_id=37725, rating=15.251239776611328), Row(user_id=86588, rating=12.485235214233398), Row(user_id=80484, rating=12.40400505065918), Row(user_id=193785, rating=11.814626693725586), Row(user_id=35907, rating=11.423518180847168), Row(user_id=135085, rating=11.415705680847168), Row(user_id=90217, rating=11.245388984680176), Row(user_id=8136, rating=10.85888385772705), Row(user_id=141420, rating=10.650179862976074), Row(user_id=213371, rating=10.581182479858398)]"
9,Hitman Sniper,"[Row(user_id=14092, rating=6.402622699737549), Row(user_id=139770, rating=6.274198532104492), Row(user_id=137024, rating=6.250653266906738), Row(user_id=124701, rating=6.204612731933594), Row(user_id=151754, rating=6.175458908081055), Row(user_id=104195, rating=6.139032363891602), Row(user_id=238876, rating=6.137699127197266), Row(user_id=28167, rating=6.119543552398682), Row(user_id=169114, rating=5.992574214935303), Row(user_id=105136, rating=5.983586311340332)]"
10,Zombie Age 3 Premium: Rules of Survival,"[Row(user_id=18368, rating=6.992290019989014), Row(user_id=44520, rating=6.763779163360596), Row(user_id=152046, rating=6.640915393829346), Row(user_id=111187, rating=6.62950325012207), Row(user_id=8777, rating=6.617329120635986), Row(user_id=68021, rating=6.591939449310303), Row(user_id=181402, rating=6.508825778961182), Row(user_id=47259, rating=6.384343147277832), Row(user_id=190372, rating=6.383033752441406), Row(user_id=47365, rating=6.350302696228027)]"
11,Dungeon Shooter : The Forgotten Temple,"[Row(user_id=61101, rating=6.486600875854492), Row(user_id=24384, rating=5.033090114593506), Row(user_id=6760, rating=4.981627464294434), Row(user_id=9330, rating=4.981627464294434), Row(user_id=1510, rating=4.981627464294434), Row(user_id=22740, rating=4.981627464294434), Row(user_id=10810, rating=4.981627464294434), Row(user_id=11750, rating=4.981627464294434), Row(user_id=14040, rating=4.981627464294434), Row(user_id=23920, rating=4.981627464294434)]"
12,Stickman Ghost: Ninja Warrior Action Offline Game,"[Row(user_id=17450, rating=4.977747917175293), Row(user_id=11340, rating=4.977747917175293), Row(user_id=2980, rating=4.977747917175293), Row(user_id=9220, rating=4.977747917175293), Row(user_id=2910, rating=4.977747917175293), Row(user_id=18680, rating=4.977747917175293), Row(user_id=19810, rating=4.977747917175293), Row(user_id=20060, rating=4.977747917175293), Row(user_id=25600, rating=4.977747917175293), Row(user_id=54810, rating=4.977747917175293)]"
13,Stickman Legends: Shadow War Offline Fighting Game,"[Row(user_id=14092, rating=8.583206176757812), Row(user_id=165174, rating=8.225265502929688), Row(user_id=91399, rating=7.986752986907959), Row(user_id=29897, rating=7.9257941246032715), Row(user_id=164103, rating=7.824670314788818), Row(user_id=177793, rating=7.8130950927734375), Row(user_id=156, rating=7.774632453918457), Row(user_id=238876, rating=7.769053936004639), Row(user_id=145852, rating=7.740516662597656), Row(user_id=122819, rating=7.693115234375)]"
14,Shadow Fight 2 Special Edition,"[Row(user_id=102973, rating=10.21085262298584), Row(user_id=40822, rating=9.611598014831543), Row(user_id=22404, rating=9.588610649108887), Row(user_id=85449, rating=8.216954231262207), Row(user_id=50782, rating=8.102943420410156), Row(user_id=123812, rating=7.931379318237305), Row(user_id=201264, rating=7.924180507659912), Row(user_id=61101, rating=7.7848920822143555), Row(user_id=86102, rating=7.781304359436035), Row(user_id=161599, rating=7.725401878356934)]"
15,Don't Starve: Pocket Edition,"[Row(user_id=61101, rating=7.072835445404053), Row(user_id=48858, rating=7.041736602783203), Row(user_id=3276, rating=7.016767978668213), Row(user_id=130453, rating=6.798534870147705), Row(user_id=220004, rating=6.798534870147705), Row(user_id=176712, rating=6.67310094833374), Row(user_id=73338, rating=6.547415256500244), Row(user_id=145479, rating=6.511795520782471), Row(user_id=173430, rating=6.436731815338135), Row(user_id=185616, rating=6.436731815338135)]"
16,Live or Die: Zombie Survival Pro,"[Row(user_id=61101, rating=8.420411109924316), Row(user_id=22404, rating=8.344176292419434), Row(user_id=139770, rating=7.632157802581787), Row(user_id=48858, rating=7.2586493492126465), Row(user_id=192729, rating=7.201420783996582), Row(user_id=196681, rating=7.170590400695801), Row(user_id=23962, rating=7.166690349578857), Row(user_id=191527, rating=7.0513081550598145), Row(user_id=40901, rating=6.914677619934082), Row(user_id=112889, rating=6.827221870422363)]"
17,Lifeline: Flatline,"[Row(user_id=181694, rating=13.303841590881348), Row(user_id=193140, rating=10.963611602783203), Row(user_id=23667, rating=10.948197364807129), Row(user_id=159650, rating=10.889456748962402), Row(user_id=68442, rating=10.889456748962402), Row(user_id=124633, rating=10.889456748962402), Row(user_id=77707, rating=10.889456748962402), Row(user_id=151876, rating=10.322368621826172), Row(user_id=38128, rating=10.096774101257324), Row(user_id=91533, rating=9.807175636291504)]"
18,Epic Heroes War: Shadow Lord Stickman - Premium,"[Row(user_id=145852, rating=5.8228631019592285), Row(user_id=22404, rating=5.622079849243164), Row(user_id=238876, rating=5.5090813636779785), Row(user_id=58902, rating=5.490351676940918), Row(user_id=81628, rating=5.391408443450928), Row(user_id=38893, rating=5.333261966705322), Row(user_id=187949, rating=5.2932353019714355), Row(user_id=92609, rating=5.278664588928223), Row(user_id=39626, rating=5.2775654792785645), Row(user_id=3820, rating=5.277120113372803)]"
19,Alien: Blackout,"[Row(user_id=86230, rating=4.967717170715332), Row(user_id=58500, rating=4.967717170715332), Row(user_id=70220, rating=4.967717170715332), Row(user_id=64320, rating=4.967717170715332), Row(user_id=28670, rating=4.967717170715332), Row(user_id=8040, rating=4.967717170715332), Row(user_id=1310, rating=4.967717170715332), Row(user_id=24090, rating=4.967717170715332), Row(user_id=2380, rating=4.967717170715332), Row(user_id=90640, rating=4.967717170715332)]"
20,LIMBO,"[Row(user_id=184876, rating=8.580024719238281), Row(user_id=137061, rating=8.428720474243164), Row(user_id=48858, rating=6.748959541320801), Row(user_id=142159, rating=6.733982086181641), Row(user_id=41266, rating=6.703574180603027), Row(user_id=84518, rating=6.617094993591309), Row(user_id=89723, rating=6.6148858070373535), Row(user_id=148454, rating=6.592104911804199), Row(user_id=22404, rating=6.518190860748291), Row(user_id=145479, rating=6.506802082061768)]"
21,ÏÑúÏö∏ 2033 : ÌõÑÏõêÏûê,"[Row(user_id=136397, rating=7.786252975463867), Row(user_id=60476, rating=7.645780563354492), Row(user_id=90865, rating=7.62077522277832), Row(user_id=189068, rating=7.293319225311279), Row(user_id=121379, rating=7.104336738586426), Row(user_id=30764, rating=6.9429450035095215), Row(user_id=238876, rating=6.697271347045898), Row(user_id=68021, rating=6.598446369171143), Row(user_id=154959, rating=6.551089286804199), Row(user_id=107167, rating=6.5237555503845215)]"
22,Terraria,"[Row(user_id=84409, rating=16.173124313354492), Row(user_id=24402, rating=15.666720390319824), Row(user_id=88302, rating=14.721662521362305), Row(user_id=47002, rating=14.236355781555176), Row(user_id=106597, rating=14.049266815185547), Row(user_id=204790, rating=13.95542049407959), Row(user_id=128718, rating=13.923676490783691), Row(user_id=102973, rating=13.442928314208984), Row(user_id=98460, rating=13.412348747253418), Row(user_id=37594, rating=13.412348747253418)]"
23,60 Seconds! Atomic Adventure,"[Row(user_id=141796, rating=9.832335472106934), Row(user_id=195657, rating=9.471549034118652), Row(user_id=33342, rating=9.393783569335938), Row(user_id=154195, rating=9.111284255981445), Row(user_id=22404, rating=8.928889274597168), Row(user_id=51177, rating=8.820937156677246), Row(user_id=67693, rating=8.708080291748047), Row(user_id=230891, rating=8.550114631652832), Row(user_id=61687, rating=8.51861572265625), Row(user_id=38921, rating=8.516589164733887)]"
24,TL Pro,"[Row(user_id=26616, rating=10.798629760742188), Row(user_id=148057, rating=9.187614440917969), Row(user_id=133464, rating=8.350995063781738), Row(user_id=49989, rating=7.515966892242432), Row(user_id=122974, rating=7.500493049621582), Row(user_id=37998, rating=7.320830821990967), Row(user_id=190705, rating=7.2645583152771), Row(user_id=134501, rating=7.239746570587158), Row(user_id=214885, rating=7.234236717224121), Row(user_id=135512, rating=7.107644081115723)]"
25,Galaxy Shooter : Falcon Squad Premium,"[Row(user_id=139480, rating=9.193546295166016), Row(user_id=104195, rating=8.21756649017334), Row(user_id=42968, rating=7.40852689743042), Row(user_id=122819, rating=7.371601581573486), Row(user_id=47672, rating=6.944690704345703), Row(user_id=131812, rating=6.660573959350586), Row(user_id=88222, rating=6.6565842628479), Row(user_id=184876, rating=6.638357162475586), Row(user_id=199422, rating=6.630989074707031), Row(user_id=46454, rating=6.589531421661377)]"
26,Geometry Dash,"[Row(user_id=22404, rating=8.928590774536133), Row(user_id=37611, rating=7.217050075531006), Row(user_id=60476, rating=7.108234882354736), Row(user_id=48858, rating=7.07192850112915), Row(user_id=176403, rating=6.946481704711914), Row(user_id=189068, rating=6.900537490844727), Row(user_id=47002, rating=6.898406505584717), Row(user_id=914, rating=6.881503105163574), Row(user_id=84409, rating=6.87008810043335), Row(user_id=58902, rating=6.84469747543335)]"
27,Worms 3,"[Row(user_id=90217, rating=6.960116863250732), Row(user_id=192729, rating=6.448788166046143), Row(user_id=196681, rating=6.433324337005615), Row(user_id=94107, rating=6.391186714172363), Row(user_id=104195, rating=6.342179775238037), Row(user_id=184876, rating=6.312467098236084), Row(user_id=100885, rating=5.997792720794678), Row(user_id=47978, rating=5.885745525360107), Row(user_id=185524, rating=5.869185447692871), Row(user_id=63081, rating=5.8028035163879395)]"
28,Vector Full,"[Row(user_id=87283, rating=16.089508056640625), Row(user_id=143660, rating=13.543235778808594), Row(user_id=29329, rating=13.283092498779297), Row(user_id=26831, rating=13.146672248840332), Row(user_id=128142, rating=12.773595809936523), Row(user_id=101094, rating=12.393269538879395), Row(user_id=85515, rating=12.393269538879395), Row(user_id=129541, rating=11.856710433959961), Row(user_id=147548, rating=11.79957389831543), Row(user_id=97706, rating=11.475656509399414)]"
29,THE KING OF FIGHTERS-A 2012,"[Row(user_id=178073, rating=9.120267868041992), Row(user_id=175415, rating=8.669377326965332), Row(user_id=162833, rating=8.630186080932617), Row(user_id=186541, rating=8.601451873779297), Row(user_id=192729, rating=8.37956428527832), Row(user_id=196681, rating=8.373157501220703), Row(user_id=63986, rating=8.318485260009766), Row(user_id=3276, rating=8.16484260559082), Row(user_id=183987, rating=8.144912719726562), Row(user_id=176712, rating=7.996232509613037)]"
30,Fruit Ninja Classic,"[Row(user_id=40901, rating=5.112185001373291), Row(user_id=86102, rating=4.972387313842773), Row(user_id=13700, rating=4.963698387145996), Row(user_id=15320, rating=4.963698387145996), Row(user_id=2140, rating=4.963698387145996), Row(user_id=37620, rating=4.963698387145996), Row(user_id=18200, rating=4.963698387145996), Row(user_id=18840, rating=4.963698387145996), Row(user_id=21430, rating=4.963698387145996), Row(user_id=13290, rating=4.963698387145996)]"
31,John GBA - GBA emulator,"[Row(user_id=16220, rating=4.958885669708252), Row(user_id=39360, rating=4.958885669708252), Row(user_id=17390, rating=4.958885669708252), Row(user_id=3860, rating=4.958885669708252), Row(user_id=17800, rating=4.958885669708252), Row(user_id=5820, rating=4.958885669708252), Row(user_id=19050, rating=4.958885669708252), Row(user_id=34130, rating=4.958885669708252), Row(user_id=26560, rating=4.958885669708252), Row(user_id=21350, rating=4.958885669708252)]"
32,Galaxy Warrior: Alien Attack,"[Row(user_id=58449, rating=16.361074447631836), Row(user_id=115684, rating=14.428028106689453), Row(user_id=67335, rating=13.817620277404785), Row(user_id=152725, rating=13.438743591308594), Row(user_id=211184, rating=13.125567436218262), Row(user_id=212774, rating=13.125567436218262), Row(user_id=147458, rating=12.394275665283203), Row(user_id=64833, rating=12.326407432556152), Row(user_id=134415, rating=12.179661750793457), Row(user_id=83781, rating=12.151522636413574)]"
33,Minecraft,"[Row(user_id=104195, rating=8.384791374206543), Row(user_id=189452, rating=7.771121501922607), Row(user_id=190705, rating=7.351319789886475), Row(user_id=47002, rating=7.3082499504089355), Row(user_id=145852, rating=7.113882064819336), Row(user_id=73338, rating=7.0351457595825195), Row(user_id=102973, rating=6.9946770668029785), Row(user_id=100688, rating=6.95217227935791), Row(user_id=40822, rating=6.918028354644775), Row(user_id=58902, rating=6.899540901184082)]"
34,Galaxy Attack: Alien Shooter (Premium),"[Row(user_id=26616, rating=10.387495994567871), Row(user_id=145841, rating=10.02724838256836), Row(user_id=3276, rating=9.701253890991211), Row(user_id=29897, rating=9.502350807189941), Row(user_id=51240, rating=9.325069427490234), Row(user_id=113039, rating=9.220222473144531), Row(user_id=134748, rating=9.117457389831543), Row(user_id=103088, rating=9.02376651763916), Row(user_id=143033, rating=8.92108154296875), Row(user_id=17912, rating=8.787618637084961)]"
35,Space Shooter: Alien vs Galaxy Attack (Premium),"[Row(user_id=130998, rating=6.975440502166748), Row(user_id=71983, rating=6.412508487701416), Row(user_id=139770, rating=6.1392951011657715), Row(user_id=44634, rating=5.995825290679932), Row(user_id=3276, rating=5.99554967880249), Row(user_id=40901, rating=5.986847400665283), Row(user_id=70847, rating=5.9803996086120605), Row(user_id=185616, rating=5.9725565910339355), Row(user_id=173430, rating=5.9725565910339355), Row(user_id=228355, rating=5.931373596191406)]"
36,THE KING OF FIGHTERS '98,"[Row(user_id=82429, rating=7.714031219482422), Row(user_id=137061, rating=7.6815009117126465), Row(user_id=60476, rating=6.791822910308838), Row(user_id=189068, rating=6.476463317871094), Row(user_id=58797, rating=6.442660808563232), Row(user_id=48858, rating=6.416112899780273), Row(user_id=179551, rating=6.388169765472412), Row(user_id=41828, rating=6.375143051147461), Row(user_id=73174, rating=6.278895378112793), Row(user_id=86362, rating=6.26306676864624)]"
37,Grand Theft Auto: Vice City,"[Row(user_id=123856, rating=6.470632076263428), Row(user_id=88710, rating=5.85963773727417), Row(user_id=146020, rating=5.826157569885254), Row(user_id=23962, rating=5.797470569610596), Row(user_id=91399, rating=5.769564628601074), Row(user_id=130453, rating=5.687706470489502), Row(user_id=220004, rating=5.687706470489502), Row(user_id=155220, rating=5.652379512786865), Row(user_id=230891, rating=5.62794303894043), Row(user_id=3276, rating=5.623340129852295)]"
38,"WindWings: Space shooter, Galaxy attack (Premium)","[Row(user_id=134748, rating=6.1564741134643555), Row(user_id=169114, rating=6.096337795257568), Row(user_id=48858, rating=5.85757303237915), Row(user_id=220004, rating=5.763846397399902), Row(user_id=130453, rating=5.763846397399902), Row(user_id=82429, rating=5.742503643035889), Row(user_id=56801, rating=5.681212902069092), Row(user_id=100148, rating=5.675492286682129), Row(user_id=8777, rating=5.671492099761963), Row(user_id=143194, rating=5.603070259094238)]"
39,Max Payne Mobile,"[Row(user_id=40822, rating=7.255600929260254), Row(user_id=68021, rating=6.997672080993652), Row(user_id=86463, rating=6.776485443115234), Row(user_id=3276, rating=6.753103256225586), Row(user_id=88857, rating=6.745137691497803), Row(user_id=44634, rating=6.599899768829346), Row(user_id=90865, rating=6.569422721862793), Row(user_id=25795, rating=6.377818584442139), Row(user_id=130406, rating=6.3765950202941895), Row(user_id=31640, rating=6.320575714111328)]"
40,Carcassonne: Official Board Game -Tiles & Tactics,"[Row(user_id=165174, rating=6.159971714019775), Row(user_id=129541, rating=6.0519537925720215), Row(user_id=126922, rating=6.013374328613281), Row(user_id=145479, rating=5.792214870452881), Row(user_id=156, rating=5.740170478820801), Row(user_id=18810, rating=5.679555892944336), Row(user_id=91399, rating=5.581003665924072), Row(user_id=73338, rating=5.559128761291504), Row(user_id=134748, rating=5.558320999145508), Row(user_id=15810, rating=5.424679756164551)]"
41,Monopoly - Board game classic about real-estate!,"[Row(user_id=28133, rating=10.747641563415527), Row(user_id=101199, rating=10.372172355651855), Row(user_id=162833, rating=10.209918975830078), Row(user_id=186541, rating=10.154440879821777), Row(user_id=8910, rating=10.052075386047363), Row(user_id=94606, rating=9.919963836669922), Row(user_id=61101, rating=9.72433853149414), Row(user_id=15976, rating=9.579751014709473), Row(user_id=136790, rating=9.483504295349121), Row(user_id=184250, rating=9.48049545288086)]"
42,Catan Classic,"[Row(user_id=61101, rating=9.862054824829102), Row(user_id=161028, rating=9.70671272277832), Row(user_id=230891, rating=9.347268104553223), Row(user_id=67335, rating=8.686103820800781), Row(user_id=48858, rating=8.581045150756836), Row(user_id=141796, rating=8.576460838317871), Row(user_id=68021, rating=8.539878845214844), Row(user_id=22404, rating=8.527957916259766), Row(user_id=617, rating=8.404887199401855), Row(user_id=130998, rating=8.398850440979004)]"
43,Chess - Analyze This (Pro),"[Row(user_id=108654, rating=6.047597408294678), Row(user_id=130406, rating=6.02693510055542), Row(user_id=44634, rating=6.001301288604736), Row(user_id=136844, rating=5.943910121917725), Row(user_id=10896, rating=5.519630432128906), Row(user_id=90865, rating=5.500899314880371), Row(user_id=168286, rating=5.460079669952393), Row(user_id=47978, rating=5.380922317504883), Row(user_id=110900, rating=5.3411970138549805), Row(user_id=173715, rating=5.334781169891357)]"
44,Through the Ages,"[Row(user_id=61101, rating=13.97917366027832), Row(user_id=86102, rating=12.625289916992188), Row(user_id=122819, rating=12.075242042541504), Row(user_id=47672, rating=10.634770393371582), Row(user_id=163458, rating=10.625076293945312), Row(user_id=63664, rating=10.398458480834961), Row(user_id=145841, rating=10.191764831542969), Row(user_id=42389, rating=10.063809394836426), Row(user_id=156, rating=10.011560440063477), Row(user_id=40822, rating=10.002936363220215)]"
45,"THE GAME OF LIFE 2 - More choices, more freedom!","[Row(user_id=88857, rating=7.06685209274292), Row(user_id=169114, rating=6.712337970733643), Row(user_id=198112, rating=6.608583450317383), Row(user_id=3276, rating=6.447522163391113), Row(user_id=36897, rating=6.434969425201416), Row(user_id=105868, rating=6.336740970611572), Row(user_id=29897, rating=6.156528472900391), Row(user_id=97621, rating=6.140061378479004), Row(user_id=155220, rating=6.132897853851318), Row(user_id=86463, rating=6.126899242401123)]"
46,The Game of Life,"[Row(user_id=19760, rating=4.959896564483643), Row(user_id=35930, rating=4.959896564483643), Row(user_id=26810, rating=4.959896564483643), Row(user_id=31260, rating=4.959896564483643), Row(user_id=7780, rating=4.959896564483643), Row(user_id=16340, rating=4.959896564483643), Row(user_id=5150, rating=4.959896564483643), Row(user_id=30600, rating=4.959896564483643), Row(user_id=880, rating=4.959896564483643), Row(user_id=30370, rating=4.959896564483643)]"
47,Ticket to Ride,"[Row(user_id=170258, rating=6.40851354598999), Row(user_id=191527, rating=6.376959323883057), Row(user_id=1167, rating=6.224186897277832), Row(user_id=141033, rating=6.223490238189697), Row(user_id=28399, rating=6.128470420837402), Row(user_id=144023, rating=5.913642883300781), Row(user_id=36897, rating=5.553062915802002), Row(user_id=169114, rating=5.546725749969482), Row(user_id=176403, rating=5.427181720733643), Row(user_id=64749, rating=5.42686653137207)]"
48,Root Board Game,"[Row(user_id=94107, rating=8.050554275512695), Row(user_id=105427, rating=7.861783504486084), Row(user_id=88857, rating=7.781351566314697), Row(user_id=184876, rating=7.707827568054199), Row(user_id=40822, rating=7.531977653503418), Row(user_id=122974, rating=7.5319132804870605), Row(user_id=152725, rating=7.5185723304748535), Row(user_id=196681, rating=7.3812079429626465), Row(user_id=3276, rating=7.378343105316162), Row(user_id=192729, rating=7.37320613861084)]"
49,Splendor,"[Row(user_id=184876, rating=14.674761772155762), Row(user_id=122819, rating=13.032233238220215), Row(user_id=50913, rating=11.707801818847656), Row(user_id=91533, rating=11.385910034179688), Row(user_id=107167, rating=11.34583854675293), Row(user_id=47672, rating=11.142284393310547), Row(user_id=95234, rating=11.131767272949219), Row(user_id=86102, rating=10.840265274047852), Row(user_id=123876, rating=10.809493064880371), Row(user_id=38213, rating=10.666147232055664)]"
50,Clue,"[Row(user_id=61101, rating=8.844493865966797), Row(user_id=22404, rating=7.117833614349365), Row(user_id=23962, rating=6.97964334487915), Row(user_id=139770, rating=6.782830715179443), Row(user_id=192729, rating=6.525635719299316), Row(user_id=196681, rating=6.481771469116211), Row(user_id=86102, rating=6.436945915222168), Row(user_id=101902, rating=6.349057197570801), Row(user_id=42389, rating=6.157374858856201), Row(user_id=14092, rating=6.0345988273620605)]"
51,Talisman,"[Row(user_id=105546, rating=10.776426315307617), Row(user_id=176403, rating=10.478272438049316), Row(user_id=47837, rating=10.473111152648926), Row(user_id=174672, rating=9.990412712097168), Row(user_id=137061, rating=9.959807395935059), Row(user_id=130406, rating=9.84832763671875), Row(user_id=9638, rating=9.467252731323242), Row(user_id=191527, rating=9.144059181213379), Row(user_id=122513, rating=9.1400785446167), Row(user_id=85882, rating=9.107216835021973)]"
52,Terraforming Mars,"[Row(user_id=37611, rating=8.458353042602539), Row(user_id=14092, rating=8.393259048461914), Row(user_id=121379, rating=8.305712699890137), Row(user_id=60476, rating=7.978305339813232), Row(user_id=187949, rating=7.903929710388184), Row(user_id=185020, rating=7.897619724273682), Row(user_id=34038, rating=7.873182773590088), Row(user_id=18368, rating=7.870321273803711), Row(user_id=189068, rating=7.854765892028809), Row(user_id=30764, rating=7.817348003387451)]"
53,Reigns: Game of Thrones,"[Row(user_id=26831, rating=5.366429328918457), Row(user_id=82429, rating=5.0522027015686035), Row(user_id=139770, rating=5.0254926681518555), Row(user_id=48858, rating=5.0105061531066895), Row(user_id=58797, rating=4.975934982299805), Row(user_id=39350, rating=4.970057487487793), Row(user_id=25570, rating=4.970057487487793), Row(user_id=15820, rating=4.970057487487793), Row(user_id=28860, rating=4.970057487487793), Row(user_id=32550, rating=4.970057487487793)]"
54,Reigns,"[Row(user_id=145841, rating=12.318974494934082), Row(user_id=86102, rating=9.92353343963623), Row(user_id=80431, rating=9.573589324951172), Row(user_id=63664, rating=9.275397300720215), Row(user_id=16876, rating=8.606986999511719), Row(user_id=124633, rating=8.49177360534668), Row(user_id=68442, rating=8.49177360534668), Row(user_id=77707, rating=8.49177360534668), Row(user_id=159650, rating=8.49177360534668), Row(user_id=98048, rating=8.349898338317871)]"
55,Pirates Outlaws,"[Row(user_id=184876, rating=5.955382823944092), Row(user_id=113039, rating=5.819721221923828), Row(user_id=51292, rating=5.7643208503723145), Row(user_id=103088, rating=5.746578216552734), Row(user_id=192729, rating=5.703985691070557), Row(user_id=196681, rating=5.680634021759033), Row(user_id=74331, rating=5.652855396270752), Row(user_id=48279, rating=5.593738555908203), Row(user_id=48858, rating=5.593725204467773), Row(user_id=84578, rating=5.58760404586792)]"
56,Solitaire+,"[Row(user_id=100148, rating=6.7267560958862305), Row(user_id=914, rating=6.483963489532471), Row(user_id=48858, rating=6.445584774017334), Row(user_id=110900, rating=6.128640174865723), Row(user_id=179770, rating=6.10228157043457), Row(user_id=145852, rating=6.081318378448486), Row(user_id=58902, rating=6.069392204284668), Row(user_id=90865, rating=6.068450450897217), Row(user_id=22404, rating=6.015413284301758), Row(user_id=96655, rating=5.944003582000732)]"
57,Meteorfall: Journeys,"[Row(user_id=67524, rating=12.332389831542969), Row(user_id=175222, rating=10.691180229187012), Row(user_id=136397, rating=10.134133338928223), Row(user_id=25490, rating=9.70272445678711), Row(user_id=23508, rating=9.55521011352539), Row(user_id=90482, rating=8.932059288024902), Row(user_id=21168, rating=8.861076354980469), Row(user_id=8297, rating=8.494963645935059), Row(user_id=84546, rating=8.377917289733887), Row(user_id=147548, rating=8.370068550109863)]"
58,Cultist Simulator,"[Row(user_id=102973, rating=8.994525909423828), Row(user_id=47002, rating=8.40726375579834), Row(user_id=50782, rating=8.360950469970703), Row(user_id=184250, rating=8.317652702331543), Row(user_id=81628, rating=8.1490478515625), Row(user_id=22404, rating=8.12817668914795), Row(user_id=217119, rating=7.968924045562744), Row(user_id=190705, rating=7.944392204284668), Row(user_id=28399, rating=7.936877250671387), Row(user_id=85449, rating=7.8130903244018555)]"
59,Meteorfall: Krumit's Tale,"[Row(user_id=40822, rating=6.148386001586914), Row(user_id=104195, rating=6.028001308441162), Row(user_id=22404, rating=5.989442825317383), Row(user_id=192729, rating=5.855395793914795), Row(user_id=196681, rating=5.828213214874268), Row(user_id=75416, rating=5.696745872497559), Row(user_id=185524, rating=5.548135757446289), Row(user_id=100885, rating=5.500365734100342), Row(user_id=78052, rating=5.469060897827148), Row(user_id=71983, rating=5.382143497467041)]"
60,Theme Solitaire Tripeaks Tri Tower PV,"[Row(user_id=175222, rating=12.815875053405762), Row(user_id=8297, rating=9.473965644836426), Row(user_id=75416, rating=8.33643627166748), Row(user_id=40822, rating=8.230500221252441), Row(user_id=78052, rating=8.226537704467773), Row(user_id=151771, rating=8.192604064941406), Row(user_id=71983, rating=8.123383522033691), Row(user_id=58449, rating=7.978582859039307), Row(user_id=63664, rating=7.922876834869385), Row(user_id=123876, rating=7.881662845611572)]"
61,Triple Fantasy Premium,"[Row(user_id=139770, rating=7.02325439453125), Row(user_id=61101, rating=6.571549415588379), Row(user_id=239881, rating=6.13294792175293), Row(user_id=15982, rating=6.091959476470947), Row(user_id=48858, rating=5.956360816955566), Row(user_id=192729, rating=5.876343250274658), Row(user_id=196681, rating=5.829252243041992), Row(user_id=238876, rating=5.822185516357422), Row(user_id=71983, rating=5.815290927886963), Row(user_id=153676, rating=5.698678970336914)]"
62,Exploding Kittens¬Æ - Official,"[Row(user_id=8136, rating=9.559846878051758), Row(user_id=177793, rating=9.095463752746582), Row(user_id=169715, rating=8.849782943725586), Row(user_id=29897, rating=8.792326927185059), Row(user_id=90217, rating=8.698860168457031), Row(user_id=26616, rating=8.39612102508545), Row(user_id=141796, rating=8.266575813293457), Row(user_id=65274, rating=7.999125957489014), Row(user_id=14092, rating=7.998837471008301), Row(user_id=192729, rating=7.842843055725098)]"
63,Reigns: Her Majesty,"[Row(user_id=134748, rating=6.449126243591309), Row(user_id=90865, rating=6.368406772613525), Row(user_id=86413, rating=6.192045211791992), Row(user_id=145852, rating=6.179135322570801), Row(user_id=44634, rating=6.118650913238525), Row(user_id=137024, rating=6.110694885253906), Row(user_id=100148, rating=6.09470272064209), Row(user_id=169083, rating=6.02661657333374), Row(user_id=48858, rating=5.811791896820068), Row(user_id=90975, rating=5.779327392578125)]"
64,Card Counter,"[Row(user_id=22404, rating=6.907865047454834), Row(user_id=102973, rating=5.9944844245910645), Row(user_id=85449, rating=5.594093322753906), Row(user_id=71983, rating=5.51874303817749), Row(user_id=23962, rating=5.287270545959473), Row(user_id=75416, rating=5.270057201385498), Row(user_id=48858, rating=5.23014497756958), Row(user_id=81628, rating=5.145144462585449), Row(user_id=40822, rating=5.061233043670654), Row(user_id=90217, rating=5.041301250457764)]"
65,Lucky Leprechaun Slots PAID,"[Row(user_id=169114, rating=7.507963180541992), Row(user_id=64833, rating=7.264933109283447), Row(user_id=155220, rating=7.2400312423706055), Row(user_id=229617, rating=6.949283123016357), Row(user_id=36897, rating=6.93980598449707), Row(user_id=47365, rating=6.924899101257324), Row(user_id=136844, rating=6.907715797424316), Row(user_id=130453, rating=6.787900924682617), Row(user_id=220004, rating=6.787900924682617), Row(user_id=198112, rating=6.787866115570068)]"
66,Scratch-a-Lotto Scratch Card Lottery PAID,"[Row(user_id=139770, rating=8.221842765808105), Row(user_id=48858, rating=7.62889289855957), Row(user_id=40901, rating=7.35462760925293), Row(user_id=22404, rating=7.295849800109863), Row(user_id=238876, rating=7.2290849685668945), Row(user_id=15982, rating=7.197268009185791), Row(user_id=239881, rating=7.115717887878418), Row(user_id=76614, rating=6.9950056076049805), Row(user_id=40390, rating=6.976449012756348), Row(user_id=38979, rating=6.928897857666016)]"
67,Blackjack & Card Counting Trainer Pro,"[Row(user_id=184876, rating=7.397818565368652), Row(user_id=142159, rating=6.564532279968262), Row(user_id=86677, rating=6.500802993774414), Row(user_id=207869, rating=6.487070083618164), Row(user_id=224785, rating=6.487070083618164), Row(user_id=104677, rating=6.487070083618164), Row(user_id=69237, rating=6.487070083618164), Row(user_id=213747, rating=6.487070083618164), Row(user_id=207400, rating=6.4544196128845215), Row(user_id=67335, rating=6.235692501068115)]"
68,Wild West Faro,"[Row(user_id=73338, rating=6.1542158126831055), Row(user_id=82429, rating=5.482508659362793), Row(user_id=190705, rating=5.408553123474121), Row(user_id=129541, rating=5.192966938018799), Row(user_id=130998, rating=5.172800540924072), Row(user_id=228355, rating=4.971713066101074), Row(user_id=32100, rating=4.968320846557617), Row(user_id=15530, rating=4.968320846557617), Row(user_id=32440, rating=4.968320846557617), Row(user_id=34460, rating=4.968320846557617)]"
69,VIP Slots Club ‚òÖ VIP Casino,"[Row(user_id=22404, rating=7.106957912445068), Row(user_id=68021, rating=6.079440593719482), Row(user_id=181402, rating=5.965167045593262), Row(user_id=151876, rating=5.959488391876221), Row(user_id=141803, rating=5.939474582672119), Row(user_id=37611, rating=5.88368034362793), Row(user_id=105546, rating=5.861088275909424), Row(user_id=194929, rating=5.821535110473633), Row(user_id=123856, rating=5.799860954284668), Row(user_id=155220, rating=5.765857696533203)]"
70,Top Money üíµ Slots (PREMIUM),"[Row(user_id=134748, rating=14.895676612854004), Row(user_id=26616, rating=14.4583101272583), Row(user_id=80431, rating=14.352983474731445), Row(user_id=8741, rating=14.056746482849121), Row(user_id=208973, rating=13.36153507232666), Row(user_id=8435, rating=13.19752025604248), Row(user_id=124406, rating=13.045151710510254), Row(user_id=80484, rating=13.027582168579102), Row(user_id=33923, rating=12.872152328491211), Row(user_id=87897, rating=12.327214241027832)]"
71,MEGA Money Slots PAID,"[Row(user_id=230891, rating=8.206443786621094), Row(user_id=22404, rating=8.02813720703125), Row(user_id=102881, rating=7.684121608734131), Row(user_id=151876, rating=7.614326000213623), Row(user_id=220004, rating=7.408540725708008), Row(user_id=130453, rating=7.408540725708008), Row(user_id=67335, rating=7.247097969055176), Row(user_id=18368, rating=7.2314653396606445), Row(user_id=617, rating=7.175825595855713), Row(user_id=85449, rating=7.114888668060303)]"
72,Cleopatra Keno,"[Row(user_id=82429, rating=6.2583441734313965), Row(user_id=179551, rating=5.944708347320557), Row(user_id=883, rating=5.858475208282471), Row(user_id=78052, rating=5.629201412200928), Row(user_id=184876, rating=5.458147048950195), Row(user_id=151754, rating=5.4372663497924805), Row(user_id=23121, rating=5.426111698150635), Row(user_id=60476, rating=5.420303821563721), Row(user_id=213427, rating=5.3919782638549805), Row(user_id=28167, rating=5.220782279968262)]"
73,My PlayHome Stores,"[Row(user_id=68021, rating=7.6849260330200195), Row(user_id=31640, rating=6.330402851104736), Row(user_id=176750, rating=6.2067341804504395), Row(user_id=29897, rating=6.02245569229126), Row(user_id=141803, rating=5.990835189819336), Row(user_id=86463, rating=5.982604503631592), Row(user_id=14619, rating=5.971342086791992), Row(user_id=141796, rating=5.970926284790039), Row(user_id=181402, rating=5.9169464111328125), Row(user_id=3276, rating=5.770688533782959)]"
74,Hidden Folks,"[Row(user_id=28133, rating=5.927897930145264), Row(user_id=98446, rating=5.812505722045898), Row(user_id=37611, rating=5.71261739730835), Row(user_id=115684, rating=5.579201698303223), Row(user_id=196297, rating=5.508953094482422), Row(user_id=90482, rating=5.41923189163208), Row(user_id=94606, rating=5.368581295013428), Row(user_id=84546, rating=5.24027156829834), Row(user_id=173622, rating=5.238333702087402), Row(user_id=99849, rating=5.18769645690918)]"
75,My PlayHome School,"[Row(user_id=48858, rating=8.69773006439209), Row(user_id=68021, rating=8.493555068969727), Row(user_id=86463, rating=8.23580551147461), Row(user_id=14619, rating=8.131248474121094), Row(user_id=103001, rating=8.128533363342285), Row(user_id=22404, rating=8.095230102539062), Row(user_id=192151, rating=8.061263084411621), Row(user_id=1077, rating=7.9250264167785645), Row(user_id=176403, rating=7.894866466522217), Row(user_id=226034, rating=7.844466686248779)]"
76,Grow Zombie VIP - Merge Zombies,"[Row(user_id=91259, rating=19.289411544799805), Row(user_id=8136, rating=17.795223236083984), Row(user_id=29897, rating=17.071929931640625), Row(user_id=160222, rating=16.197607040405273), Row(user_id=175415, rating=16.14326286315918), Row(user_id=82429, rating=16.071157455444336), Row(user_id=214885, rating=15.857656478881836), Row(user_id=183987, rating=15.841704368591309), Row(user_id=143194, rating=15.773188591003418), Row(user_id=105877, rating=15.492713928222656)]"
77,My PlayHome : Play Home Doll House,"[Row(user_id=144023, rating=10.46137809753418), Row(user_id=61101, rating=10.415077209472656), Row(user_id=112889, rating=9.854125022888184), Row(user_id=22404, rating=9.409438133239746), Row(user_id=191527, rating=9.392184257507324), Row(user_id=231079, rating=9.175935745239258), Row(user_id=170258, rating=9.082284927368164), Row(user_id=141033, rating=9.043828010559082), Row(user_id=179393, rating=8.93950366973877), Row(user_id=56364, rating=8.901073455810547)]"
78,My PlayHome Hospital,"[Row(user_id=230891, rating=6.664819717407227), Row(user_id=170258, rating=6.342832088470459), Row(user_id=137061, rating=6.271836757659912), Row(user_id=102881, rating=5.9307098388671875), Row(user_id=112889, rating=5.764959812164307), Row(user_id=22404, rating=5.76186466217041), Row(user_id=141033, rating=5.749669075012207), Row(user_id=175415, rating=5.631486415863037), Row(user_id=144023, rating=5.593873023986816), Row(user_id=168286, rating=5.583337306976318)]"
79,Teach Your Monster to Read: Phonics & Reading Game,"[Row(user_id=90482, rating=8.233712196350098), Row(user_id=90217, rating=7.546188831329346), Row(user_id=169114, rating=7.478418350219727), Row(user_id=14092, rating=7.341014385223389), Row(user_id=157983, rating=7.100462436676025), Row(user_id=143033, rating=7.088925838470459), Row(user_id=37611, rating=7.0743913650512695), Row(user_id=8136, rating=6.874882221221924), Row(user_id=25490, rating=6.773413181304932), Row(user_id=18368, rating=6.770797252655029)]"
80,Dr. Panda School,"[Row(user_id=230250, rating=13.046892166137695), Row(user_id=176750, rating=12.895941734313965), Row(user_id=198410, rating=12.705119132995605), Row(user_id=181402, rating=12.557065963745117), Row(user_id=110924, rating=12.211169242858887), Row(user_id=51240, rating=12.204997062683105), Row(user_id=130406, rating=12.19493293762207), Row(user_id=31640, rating=11.689228057861328), Row(user_id=76614, rating=11.296418190002441), Row(user_id=136185, rating=11.288885116577148)]"
81,Peppa Pig: Sports Day,"[Row(user_id=159849, rating=6.27751350402832), Row(user_id=123856, rating=6.149730682373047), Row(user_id=124406, rating=5.650332450866699), Row(user_id=82429, rating=5.313377380371094), Row(user_id=33923, rating=5.2839202880859375), Row(user_id=135305, rating=5.280471324920654), Row(user_id=193761, rating=5.161277770996094), Row(user_id=135727, rating=5.161213397979736), Row(user_id=135133, rating=5.158291816711426), Row(user_id=75138, rating=5.1085381507873535)]"
82,A Dance of Fire and Ice,"[Row(user_id=67335, rating=7.2654547691345215), Row(user_id=43101, rating=6.875123977661133), Row(user_id=176403, rating=6.780135631561279), Row(user_id=192151, rating=6.644669532775879), Row(user_id=134519, rating=6.639693737030029), Row(user_id=86463, rating=6.582876682281494), Row(user_id=102973, rating=6.5487775802612305), Row(user_id=87283, rating=6.477149963378906), Row(user_id=36897, rating=6.4660468101501465), Row(user_id=61947, rating=6.351918697357178)]"
83,Incredibox,"[Row(user_id=152725, rating=8.21534252166748), Row(user_id=192729, rating=8.104479789733887), Row(user_id=196681, rating=8.082816123962402), Row(user_id=184876, rating=8.021932601928711), Row(user_id=185524, rating=7.807544231414795), Row(user_id=100885, rating=7.436075210571289), Row(user_id=28133, rating=7.356828689575195), Row(user_id=94606, rating=7.347723484039307), Row(user_id=163170, rating=7.23898983001709), Row(user_id=48858, rating=7.238214015960693)]"
84,Beat Legend: AVICII,"[Row(user_id=145852, rating=7.2385735511779785), Row(user_id=3820, rating=7.037153244018555), Row(user_id=81628, rating=6.8503336906433105), Row(user_id=190705, rating=6.834907054901123), Row(user_id=165174, rating=6.746415615081787), Row(user_id=44634, rating=6.670101642608643), Row(user_id=141796, rating=6.583571910858154), Row(user_id=40822, rating=6.573198318481445), Row(user_id=87804, rating=6.508367538452148), Row(user_id=238876, rating=6.391754150390625)]"
85,Lowriders Comeback 2: Cruising,"[Row(user_id=174663, rating=13.128341674804688), Row(user_id=67528, rating=10.606527328491211), Row(user_id=160222, rating=10.13723373413086), Row(user_id=101218, rating=10.064919471740723), Row(user_id=158010, rating=9.71519947052002), Row(user_id=130595, rating=8.931467056274414), Row(user_id=180010, rating=8.650106430053711), Row(user_id=145916, rating=8.038289070129395), Row(user_id=794, rating=7.898437023162842), Row(user_id=49947, rating=7.896174907684326)]"
86,Cytus II,"[Row(user_id=22404, rating=5.502773284912109), Row(user_id=48858, rating=5.09684419631958), Row(user_id=20920, rating=4.965775489807129), Row(user_id=24710, rating=4.965775489807129), Row(user_id=39560, rating=4.965775489807129), Row(user_id=31280, rating=4.965775489807129), Row(user_id=7660, rating=4.965775489807129), Row(user_id=30650, rating=4.965775489807129), Row(user_id=12900, rating=4.965775489807129), Row(user_id=9530, rating=4.965775489807129)]"
87,Pango Musical March,"[Row(user_id=90217, rating=7.945262908935547), Row(user_id=69445, rating=7.531858444213867), Row(user_id=18368, rating=7.518429756164551), Row(user_id=134519, rating=7.506411075592041), Row(user_id=143515, rating=7.505496025085449), Row(user_id=102973, rating=7.480201721191406), Row(user_id=22404, rating=7.379732608795166), Row(user_id=120942, rating=7.192336559295654), Row(user_id=26602, rating=7.024864673614502), Row(user_id=94441, rating=7.004969120025635)]"
88,Muse Dash,"[Row(user_id=91533, rating=5.124733924865723), Row(user_id=62810, rating=4.988107204437256), Row(user_id=62420, rating=4.988107204437256), Row(user_id=39100, rating=4.988107204437256), Row(user_id=8990, rating=4.988107204437256), Row(user_id=31100, rating=4.988107204437256), Row(user_id=33670, rating=4.988107204437256), Row(user_id=38960, rating=4.988107204437256), Row(user_id=24370, rating=4.988107204437256), Row(user_id=16050, rating=4.988107204437256)]"
89,O2Jam - Music & Game,"[Row(user_id=173760, rating=7.238153457641602), Row(user_id=174672, rating=6.87492561340332), Row(user_id=47837, rating=6.808223724365234), Row(user_id=37379, rating=6.783365726470947), Row(user_id=158010, rating=6.702080726623535), Row(user_id=195003, rating=6.473123073577881), Row(user_id=3820, rating=6.381785869598389), Row(user_id=223124, rating=6.3519368171691895), Row(user_id=176750, rating=6.228507995605469), Row(user_id=176403, rating=6.153773307800293)]"
90,My Singing Monsters Composer,"[Row(user_id=137061, rating=5.4374213218688965), Row(user_id=60476, rating=5.413263320922852), Row(user_id=82429, rating=5.405224800109863), Row(user_id=48858, rating=5.353065013885498), Row(user_id=189068, rating=5.128000736236572), Row(user_id=43101, rating=5.101120471954346), Row(user_id=138512, rating=5.067935943603516), Row(user_id=203553, rating=5.067935943603516), Row(user_id=121814, rating=5.05154275894165), Row(user_id=26831, rating=5.023819446563721)]"
91,Monument Valley,"[Row(user_id=139770, rating=6.31403112411499), Row(user_id=190705, rating=6.066529750823975), Row(user_id=145841, rating=5.7079691886901855), Row(user_id=104195, rating=5.669703483581543), Row(user_id=145852, rating=5.660948753356934), Row(user_id=239881, rating=5.625282287597656), Row(user_id=238876, rating=5.59397554397583), Row(user_id=3276, rating=5.558231830596924), Row(user_id=48858, rating=5.552253723144531), Row(user_id=15982, rating=5.50308895111084)]"
92,The Room: Old Sins,"[Row(user_id=230891, rating=6.801596641540527), Row(user_id=89723, rating=6.675785541534424), Row(user_id=184876, rating=6.484895706176758), Row(user_id=23962, rating=6.4678473472595215), Row(user_id=213427, rating=6.225651741027832), Row(user_id=161599, rating=6.221535682678223), Row(user_id=22404, rating=6.203547477722168), Row(user_id=130998, rating=6.125995635986328), Row(user_id=101810, rating=6.120283603668213), Row(user_id=100817, rating=6.120283603668213)]"
93,Human: Fall Flat,"[Row(user_id=15230, rating=4.982189655303955), Row(user_id=15090, rating=4.982189655303955), Row(user_id=1990, rating=4.982189655303955), Row(user_id=4930, rating=4.982189655303955), Row(user_id=4730, rating=4.982189655303955), Row(user_id=10960, rating=4.982189655303955), Row(user_id=17840, rating=4.982189655303955), Row(user_id=20760, rating=4.982189655303955), Row(user_id=21700, rating=4.982189655303955), Row(user_id=22050, rating=4.982189655303955)]"
94,Where's My Water?,"[Row(user_id=85449, rating=6.120100975036621), Row(user_id=102973, rating=6.095163345336914), Row(user_id=22404, rating=5.919586658477783), Row(user_id=40822, rating=5.910686016082764), Row(user_id=152725, rating=5.303192615509033), Row(user_id=185524, rating=5.200689315795898), Row(user_id=145852, rating=5.194575309753418), Row(user_id=198225, rating=5.153213977813721), Row(user_id=104195, rating=5.128593921661377), Row(user_id=33342, rating=5.1221699714660645)]"
95,Lara Croft GO,"[Row(user_id=68021, rating=6.137888431549072), Row(user_id=87283, rating=6.014341831207275), Row(user_id=36897, rating=5.965699195861816), Row(user_id=29897, rating=5.773420333862305), Row(user_id=97621, rating=5.713313579559326), Row(user_id=214885, rating=5.624034404754639), Row(user_id=6183, rating=5.595890522003174), Row(user_id=141033, rating=5.584383010864258), Row(user_id=31933, rating=5.555209159851074), Row(user_id=8237, rating=5.55340576171875)]"
96,Monument Valley 2,"[Row(user_id=22404, rating=7.329049587249756), Row(user_id=71983, rating=7.120530128479004), Row(user_id=102973, rating=6.882980823516846), Row(user_id=101366, rating=6.797847270965576), Row(user_id=67335, rating=6.786537170410156), Row(user_id=213427, rating=6.743632793426514), Row(user_id=58449, rating=6.720500946044922), Row(user_id=173551, rating=6.674295902252197), Row(user_id=9707, rating=6.588539123535156), Row(user_id=914, rating=6.508199214935303)]"
97,The Room Two,"[Row(user_id=26616, rating=16.852317810058594), Row(user_id=143033, rating=16.106740951538086), Row(user_id=169114, rating=14.993855476379395), Row(user_id=134748, rating=14.1851806640625), Row(user_id=184876, rating=14.026402473449707), Row(user_id=213371, rating=13.932849884033203), Row(user_id=88278, rating=13.698615074157715), Row(user_id=173430, rating=13.431913375854492), Row(user_id=185616, rating=13.431913375854492), Row(user_id=184127, rating=13.430489540100098)]"
98,The Room Three,"[Row(user_id=139770, rating=5.146498680114746), Row(user_id=61101, rating=5.114336967468262), Row(user_id=53920, rating=4.958645343780518), Row(user_id=9380, rating=4.958645343780518), Row(user_id=12260, rating=4.958645343780518), Row(user_id=15430, rating=4.958645343780518), Row(user_id=26200, rating=4.958645343780518), Row(user_id=30350, rating=4.958645343780518), Row(user_id=39970, rating=4.958645343780518), Row(user_id=5220, rating=4.958645343780518)]"
99,The Room,"[Row(user_id=73338, rating=8.711444854736328), Row(user_id=104195, rating=8.659626960754395), Row(user_id=47002, rating=8.243712425231934), Row(user_id=82429, rating=8.074973106384277), Row(user_id=40822, rating=7.945878028869629), Row(user_id=145852, rating=7.630658149719238), Row(user_id=238876, rating=7.586632251739502), Row(user_id=58902, rating=7.574642181396484), Row(user_id=22404, rating=7.54552698135376), Row(user_id=228355, rating=7.503608703613281)]"
100,Bridge Constructor Portal,"[Row(user_id=13037, rating=6.34153413772583), Row(user_id=145479, rating=5.16836404800415), Row(user_id=15850, rating=4.988633155822754), Row(user_id=7750, rating=4.988633155822754), Row(user_id=10940, rating=4.988633155822754), Row(user_id=32640, rating=4.988633155822754), Row(user_id=32830, rating=4.988633155822754), Row(user_id=21140, rating=4.988633155822754), Row(user_id=29380, rating=4.988633155822754), Row(user_id=35610, rating=4.988633155822754)]"
101,Motorsport Manager Mobile 2,"[Row(user_id=73338, rating=10.265501976013184), Row(user_id=135727, rating=9.117498397827148), Row(user_id=15976, rating=8.829336166381836), Row(user_id=104195, rating=8.818099021911621), Row(user_id=190705, rating=8.551316261291504), Row(user_id=145841, rating=8.330122947692871), Row(user_id=61101, rating=8.281858444213867), Row(user_id=141803, rating=8.081719398498535), Row(user_id=139770, rating=8.043777465820312), Row(user_id=105136, rating=8.011273384094238)]"
102,Riptide GP2,"[Row(user_id=102973, rating=7.049600124359131), Row(user_id=22404, rating=6.873226165771484), Row(user_id=107167, rating=6.366885185241699), Row(user_id=40822, rating=6.295136451721191), Row(user_id=60476, rating=6.277649879455566), Row(user_id=85449, rating=6.200259208679199), Row(user_id=39626, rating=6.096383094787598), Row(user_id=184655, rating=6.084301948547363), Row(user_id=189068, rating=6.070601463317871), Row(user_id=48858, rating=6.008328437805176)]"
103,Real Drift Car Racing,"[Row(user_id=110924, rating=21.922576904296875), Row(user_id=191672, rating=21.146221160888672), Row(user_id=179757, rating=20.172119140625), Row(user_id=193643, rating=19.285444259643555), Row(user_id=84103, rating=18.759746551513672), Row(user_id=84906, rating=18.644926071166992), Row(user_id=122376, rating=17.84521484375), Row(user_id=799, rating=17.47152328491211), Row(user_id=94107, rating=17.459035873413086), Row(user_id=115666, rating=16.935073852539062)]"
104,F1 2016,"[Row(user_id=130406, rating=14.39945125579834), Row(user_id=63081, rating=12.938953399658203), Row(user_id=105883, rating=12.715845108032227), Row(user_id=85449, rating=12.316816329956055), Row(user_id=88656, rating=12.015803337097168), Row(user_id=103542, rating=11.764878273010254), Row(user_id=103427, rating=10.708341598510742), Row(user_id=90865, rating=10.650649070739746), Row(user_id=10896, rating=10.580124855041504), Row(user_id=230250, rating=10.575642585754395)]"
105,Illegal Race Tuning - Real car racing multiplayer,"[Row(user_id=214885, rating=7.727298259735107), Row(user_id=80962, rating=7.405539035797119), Row(user_id=188562, rating=7.295398712158203), Row(user_id=98688, rating=7.197085380554199), Row(user_id=101862, rating=7.187349796295166), Row(user_id=186541, rating=7.1498589515686035), Row(user_id=153378, rating=7.031452178955078), Row(user_id=50308, rating=6.899424076080322), Row(user_id=6183, rating=6.884629726409912), Row(user_id=231079, rating=6.881711006164551)]"
106,Need for Speed Most Wanted,"[Row(user_id=191527, rating=7.658933639526367), Row(user_id=104195, rating=7.6573100090026855), Row(user_id=110900, rating=7.6102728843688965), Row(user_id=179770, rating=7.394127368927002), Row(user_id=113039, rating=7.317928314208984), Row(user_id=28399, rating=7.287227153778076), Row(user_id=100148, rating=7.075483322143555), Row(user_id=101650, rating=7.065458297729492), Row(user_id=186541, rating=6.983216285705566), Row(user_id=196681, rating=6.888634204864502)]"
107,Bike Race Pro by T. F. Games,"[Row(user_id=22151, rating=4.9535231590271), Row(user_id=25071, rating=4.9535231590271), Row(user_id=27501, rating=4.9535231590271), Row(user_id=16501, rating=4.9535231590271), Row(user_id=16831, rating=4.9535231590271), Row(user_id=18111, rating=4.9535231590271), Row(user_id=5441, rating=4.9535231590271), Row(user_id=4341, rating=4.9535231590271), Row(user_id=25411, rating=4.9535231590271), Row(user_id=25901, rating=4.9535231590271)]"
108,GRID‚Ñ¢ Autosport,"[Row(user_id=36897, rating=8.300246238708496), Row(user_id=146020, rating=7.632142543792725), Row(user_id=90482, rating=7.508846759796143), Row(user_id=169114, rating=7.276501655578613), Row(user_id=192729, rating=7.02947473526001), Row(user_id=196681, rating=7.026557445526123), Row(user_id=184876, rating=7.014023780822754), Row(user_id=84546, rating=6.875641822814941), Row(user_id=67335, rating=6.790071487426758), Row(user_id=132074, rating=6.707228183746338)]"
109,Draw Rider Plus,"[Row(user_id=136397, rating=13.444275856018066), Row(user_id=145479, rating=13.269344329833984), Row(user_id=152588, rating=11.423460960388184), Row(user_id=83112, rating=11.294204711914062), Row(user_id=129541, rating=11.173748970031738), Row(user_id=220004, rating=11.096319198608398), Row(user_id=130453, rating=11.096319198608398), Row(user_id=18691, rating=10.974754333496094), Row(user_id=175415, rating=10.958755493164062), Row(user_id=151876, rating=10.643855094909668)]"
110,Motorsport Manager Mobile 3,"[Row(user_id=73338, rating=10.180644989013672), Row(user_id=2093, rating=9.488540649414062), Row(user_id=119317, rating=9.355342864990234), Row(user_id=40822, rating=9.268092155456543), Row(user_id=60476, rating=9.221573829650879), Row(user_id=123785, rating=9.170509338378906), Row(user_id=121379, rating=9.045402526855469), Row(user_id=82429, rating=8.93256950378418), Row(user_id=189068, rating=8.893428802490234), Row(user_id=102973, rating=8.690655708312988)]"
111,Earn to Die,"[Row(user_id=97706, rating=8.101106643676758), Row(user_id=123864, rating=7.7541327476501465), Row(user_id=90358, rating=7.704480171203613), Row(user_id=105877, rating=7.163839340209961), Row(user_id=51864, rating=7.007899284362793), Row(user_id=26831, rating=6.965778827667236), Row(user_id=128142, rating=6.703505516052246), Row(user_id=49869, rating=6.4669365882873535), Row(user_id=105052, rating=6.4070892333984375), Row(user_id=143660, rating=6.4053473472595215)]"
112,Reckless Racing 3,"[Row(user_id=67335, rating=6.385509967803955), Row(user_id=48858, rating=6.384149551391602), Row(user_id=107167, rating=6.252286434173584), Row(user_id=60476, rating=6.1843390464782715), Row(user_id=161599, rating=6.022994041442871), Row(user_id=184876, rating=5.952589988708496), Row(user_id=189068, rating=5.8701276779174805), Row(user_id=49912, rating=5.819373607635498), Row(user_id=43, rating=5.810351848602295), Row(user_id=58797, rating=5.798495769500732)]"
113,Dungeon Corporation P : (An auto-farming RPG game),"[Row(user_id=22404, rating=6.052138328552246), Row(user_id=61101, rating=6.027193069458008), Row(user_id=73338, rating=5.859582424163818), Row(user_id=48858, rating=5.760855674743652), Row(user_id=82429, rating=5.748951435089111), Row(user_id=101902, rating=5.648858547210693), Row(user_id=228355, rating=5.539158344268799), Row(user_id=65548, rating=5.536128997802734), Row(user_id=213427, rating=5.524327754974365), Row(user_id=58797, rating=5.475123882293701)]"
114,Stardew Valley,"[Row(user_id=80484, rating=14.398702621459961), Row(user_id=80497, rating=14.060554504394531), Row(user_id=166174, rating=12.477863311767578), Row(user_id=152027, rating=12.434024810791016), Row(user_id=63513, rating=12.434024810791016), Row(user_id=95836, rating=11.974883079528809), Row(user_id=98890, rating=11.754039764404297), Row(user_id=39592, rating=11.689342498779297), Row(user_id=66220, rating=11.678973197937012), Row(user_id=158015, rating=11.38761043548584)]"
115,Star Wars‚Ñ¢: KOTOR,"[Row(user_id=61101, rating=9.792733192443848), Row(user_id=7019, rating=7.031531810760498), Row(user_id=174803, rating=7.031531810760498), Row(user_id=30928, rating=7.011722564697266), Row(user_id=97798, rating=6.920720100402832), Row(user_id=122819, rating=6.754278659820557), Row(user_id=139770, rating=6.625463962554932), Row(user_id=42767, rating=6.604343414306641), Row(user_id=84048, rating=6.594058990478516), Row(user_id=215156, rating=6.594058990478516)]"
116,Mystery of Fortune 2,"[Row(user_id=130998, rating=8.3330717086792), Row(user_id=44634, rating=7.884140491485596), Row(user_id=50662, rating=6.658576965332031), Row(user_id=158010, rating=6.561219215393066), Row(user_id=184876, rating=6.547294616699219), Row(user_id=67693, rating=6.531083583831787), Row(user_id=141796, rating=6.358518600463867), Row(user_id=51240, rating=6.331188201904297), Row(user_id=102808, rating=6.1845221519470215), Row(user_id=165174, rating=6.159664154052734)]"
117,Devil Twins: VIP,"[Row(user_id=191672, rating=6.084202289581299), Row(user_id=74331, rating=5.862019062042236), Row(user_id=48858, rating=5.712645530700684), Row(user_id=84409, rating=5.621572971343994), Row(user_id=122376, rating=5.598721027374268), Row(user_id=102973, rating=5.520111560821533), Row(user_id=73245, rating=5.469810485839844), Row(user_id=155849, rating=5.469810485839844), Row(user_id=720, rating=5.469810485839844), Row(user_id=69079, rating=5.401181221008301)]"
118,Dungeon Corporation VIP: An auto-farming RPG game!,"[Row(user_id=94107, rating=6.695865631103516), Row(user_id=101650, rating=6.342599868774414), Row(user_id=47978, rating=6.314956188201904), Row(user_id=58449, rating=6.26487398147583), Row(user_id=169083, rating=6.20020055770874), Row(user_id=110900, rating=6.18964958190918), Row(user_id=123864, rating=6.183395862579346), Row(user_id=80455, rating=6.116064548492432), Row(user_id=40822, rating=6.101511001586914), Row(user_id=184812, rating=6.057052135467529)]"
119,[VIP] +9 God Blessing Knight - Cash Knight,"[Row(user_id=184876, rating=8.62081527709961), Row(user_id=86102, rating=7.70994758605957), Row(user_id=84518, rating=7.606595039367676), Row(user_id=163458, rating=7.2028632164001465), Row(user_id=40901, rating=6.791354179382324), Row(user_id=51240, rating=6.7029924392700195), Row(user_id=43, rating=6.697586536407471), Row(user_id=61101, rating=6.630570411682129), Row(user_id=88823, rating=6.549981594085693), Row(user_id=8741, rating=6.525880336761475)]"
120,Ticket to Earth,"[Row(user_id=61101, rating=12.365699768066406), Row(user_id=107167, rating=10.012218475341797), Row(user_id=122819, rating=9.835545539855957), Row(user_id=112889, rating=9.789396286010742), Row(user_id=139770, rating=9.669475555419922), Row(user_id=192729, rating=9.528847694396973), Row(user_id=196681, rating=9.504984855651855), Row(user_id=47672, rating=9.398042678833008), Row(user_id=179393, rating=9.018021583557129), Row(user_id=239881, rating=8.878053665161133)]"
121,Everybody's RPG,"[Row(user_id=61101, rating=7.593061447143555), Row(user_id=161599, rating=7.092473030090332), Row(user_id=48858, rating=7.045812606811523), Row(user_id=67335, rating=6.828901290893555), Row(user_id=58797, rating=6.761756896972656), Row(user_id=141796, rating=6.757137298583984), Row(user_id=68021, rating=6.708625316619873), Row(user_id=143305, rating=6.704014301300049), Row(user_id=41828, rating=6.621938228607178), Row(user_id=213427, rating=6.524999618530273)]"
122,Day R Premium,"[Row(user_id=40822, rating=5.197889804840088), Row(user_id=61101, rating=5.105788230895996), Row(user_id=139770, rating=4.967665672302246), Row(user_id=5800, rating=4.964120388031006), Row(user_id=5810, rating=4.964120388031006), Row(user_id=2860, rating=4.964120388031006), Row(user_id=13020, rating=4.964120388031006), Row(user_id=26960, rating=4.964120388031006), Row(user_id=13010, rating=4.964120388031006), Row(user_id=27280, rating=4.964120388031006)]"
123,Dungeon Corporation S: An auto-farming RPG game!,"[Row(user_id=169114, rating=10.178364753723145), Row(user_id=143033, rating=8.973499298095703), Row(user_id=134399, rating=8.679320335388184), Row(user_id=175415, rating=8.669732093811035), Row(user_id=90482, rating=8.571690559387207), Row(user_id=37725, rating=8.47802734375), Row(user_id=1167, rating=8.286833763122559), Row(user_id=184876, rating=8.276878356933594), Row(user_id=144023, rating=8.099845886230469), Row(user_id=18368, rating=8.004127502441406)]"
124,Mystic Guardian PV: Old School Action RPG,"[Row(user_id=190705, rating=12.708909034729004), Row(user_id=86588, rating=11.378535270690918), Row(user_id=18927, rating=9.902459144592285), Row(user_id=184812, rating=9.706561088562012), Row(user_id=123864, rating=9.576239585876465), Row(user_id=73174, rating=9.299904823303223), Row(user_id=102206, rating=9.273611068725586), Row(user_id=195697, rating=9.14000129699707), Row(user_id=134748, rating=8.962579727172852), Row(user_id=163458, rating=8.95694351196289)]"
125,Neo Monsters,"[Row(user_id=42389, rating=7.358545303344727), Row(user_id=123876, rating=7.334569454193115), Row(user_id=86102, rating=7.030198574066162), Row(user_id=61101, rating=6.9737372398376465), Row(user_id=195657, rating=6.88618278503418), Row(user_id=26616, rating=6.848090171813965), Row(user_id=33342, rating=6.796849250793457), Row(user_id=7019, rating=6.599251747131348), Row(user_id=174803, rating=6.599251747131348), Row(user_id=30928, rating=6.558960914611816)]"
126,Evertale,"[Row(user_id=192729, rating=7.169326305389404), Row(user_id=196681, rating=7.147246837615967), Row(user_id=139770, rating=6.842801570892334), Row(user_id=185524, rating=6.693589210510254), Row(user_id=100885, rating=6.5848774909973145), Row(user_id=184876, rating=6.388887882232666), Row(user_id=3276, rating=6.341041564941406), Row(user_id=48858, rating=6.25277042388916), Row(user_id=239881, rating=6.235035419464111), Row(user_id=51292, rating=6.190089225769043)]"
127,Romancing SaGa3,"[Row(user_id=190705, rating=15.301956176757812), Row(user_id=31640, rating=15.144152641296387), Row(user_id=136185, rating=12.74354362487793), Row(user_id=115666, rating=12.597105026245117), Row(user_id=29897, rating=12.568392753601074), Row(user_id=11858, rating=12.416482925415039), Row(user_id=103417, rating=12.416482925415039), Row(user_id=217767, rating=12.416482925415039), Row(user_id=141796, rating=11.9384183883667), Row(user_id=26616, rating=11.92543888092041)]"
128,[VIP]Missile Dude RPG: Tap Tap Missile,"[Row(user_id=88710, rating=11.317976951599121), Row(user_id=1167, rating=11.116677284240723), Row(user_id=97951, rating=11.069098472595215), Row(user_id=143033, rating=10.982928276062012), Row(user_id=90217, rating=10.068924903869629), Row(user_id=123864, rating=10.002303123474121), Row(user_id=175222, rating=9.95397663116455), Row(user_id=169418, rating=9.59141731262207), Row(user_id=151613, rating=9.269723892211914), Row(user_id=88054, rating=9.268417358398438)]"
129,This War of Mine,"[Row(user_id=90358, rating=15.501285552978516), Row(user_id=169418, rating=14.645869255065918), Row(user_id=82429, rating=14.455928802490234), Row(user_id=73174, rating=14.257894515991211), Row(user_id=143194, rating=13.652374267578125), Row(user_id=26831, rating=13.406115531921387), Row(user_id=128499, rating=12.345388412475586), Row(user_id=123864, rating=12.33073616027832), Row(user_id=125158, rating=12.266036033630371), Row(user_id=102470, rating=12.200420379638672)]"
130,Game Dev Tycoon,"[Row(user_id=22404, rating=7.0757246017456055), Row(user_id=102973, rating=7.031121253967285), Row(user_id=67335, rating=6.541916847229004), Row(user_id=151876, rating=6.369390964508057), Row(user_id=137061, rating=6.111521244049072), Row(user_id=914, rating=6.0367207527160645), Row(user_id=40822, rating=6.010339260101318), Row(user_id=142159, rating=5.834955215454102), Row(user_id=60476, rating=5.7765069007873535), Row(user_id=48858, rating=5.744204521179199)]"
131,Townsmen Premium,"[Row(user_id=97951, rating=11.380952835083008), Row(user_id=16310, rating=9.557454109191895), Row(user_id=139770, rating=9.272747993469238), Row(user_id=124701, rating=9.22215747833252), Row(user_id=123864, rating=9.124340057373047), Row(user_id=222612, rating=9.119093894958496), Row(user_id=48808, rating=9.119093894958496), Row(user_id=141033, rating=9.081271171569824), Row(user_id=169715, rating=9.0047607421875), Row(user_id=51864, rating=8.977182388305664)]"
132,Infinite Flight - Flight Simulator,"[Row(user_id=83112, rating=21.094282150268555), Row(user_id=91259, rating=20.512929916381836), Row(user_id=174803, rating=20.021936416625977), Row(user_id=7019, rating=20.021936416625977), Row(user_id=30928, rating=19.95553207397461), Row(user_id=229388, rating=18.5819149017334), Row(user_id=139770, rating=18.345985412597656), Row(user_id=226620, rating=18.059595108032227), Row(user_id=64622, rating=17.97989273071289), Row(user_id=42767, rating=17.710464477539062)]"
133,Farming Simulator 18,"[Row(user_id=2093, rating=12.141986846923828), Row(user_id=44520, rating=11.027571678161621), Row(user_id=135133, rating=10.955034255981445), Row(user_id=111175, rating=10.697592735290527), Row(user_id=146020, rating=10.31821346282959), Row(user_id=70215, rating=10.263922691345215), Row(user_id=39178, rating=10.07161808013916), Row(user_id=97798, rating=10.062077522277832), Row(user_id=75672, rating=9.99125862121582), Row(user_id=123856, rating=9.689529418945312)]"
134,Farming Simulator 20,"[Row(user_id=29806, rating=11.34140682220459), Row(user_id=185995, rating=9.33838939666748), Row(user_id=87283, rating=9.153972625732422), Row(user_id=97621, rating=8.428914070129395), Row(user_id=1167, rating=8.130446434020996), Row(user_id=115684, rating=7.885680675506592), Row(user_id=145479, rating=7.8530097007751465), Row(user_id=147458, rating=7.6642584800720215), Row(user_id=28399, rating=7.4545745849609375), Row(user_id=176403, rating=7.223344326019287)]"
135,Animal Forest : Fuzzy Seasons (Start Pack Edition),"[Row(user_id=85449, rating=19.645652770996094), Row(user_id=102973, rating=16.81747817993164), Row(user_id=68992, rating=14.092859268188477), Row(user_id=49912, rating=13.745575904846191), Row(user_id=1156, rating=13.437877655029297), Row(user_id=101094, rating=13.406648635864258), Row(user_id=85515, rating=13.406648635864258), Row(user_id=88054, rating=13.384044647216797), Row(user_id=18271, rating=13.303085327148438), Row(user_id=134765, rating=13.059198379516602)]"
136,Pocket City,"[Row(user_id=121379, rating=27.018970489501953), Row(user_id=30764, rating=26.790813446044922), Row(user_id=24402, rating=25.80154800415039), Row(user_id=48808, rating=25.100297927856445), Row(user_id=222612, rating=25.100297927856445), Row(user_id=189452, rating=24.545143127441406), Row(user_id=98897, rating=24.540483474731445), Row(user_id=88302, rating=24.405271530151367), Row(user_id=134768, rating=24.223346710205078), Row(user_id=202765, rating=23.97624397277832)]"
137,Bridge Constructor,"[Row(user_id=181402, rating=7.301578998565674), Row(user_id=51240, rating=6.5251898765563965), Row(user_id=184876, rating=6.232691764831543), Row(user_id=134748, rating=6.019918918609619), Row(user_id=88857, rating=5.994035243988037), Row(user_id=74331, rating=5.7957940101623535), Row(user_id=169114, rating=5.774733543395996), Row(user_id=141803, rating=5.570309638977051), Row(user_id=67133, rating=5.477078437805176), Row(user_id=176750, rating=5.459038734436035)]"
138,My Celestial Tree VIP - Unique Beautiful Game,"[Row(user_id=146020, rating=14.250595092773438), Row(user_id=111187, rating=14.077957153320312), Row(user_id=68021, rating=13.389703750610352), Row(user_id=90865, rating=13.164929389953613), Row(user_id=44520, rating=13.136717796325684), Row(user_id=97798, rating=12.99405288696289), Row(user_id=39178, rating=12.812535285949707), Row(user_id=36897, rating=12.787346839904785), Row(user_id=8777, rating=12.768012046813965), Row(user_id=107167, rating=12.607848167419434)]"
139,NBA 2K20,"[Row(user_id=135133, rating=16.33121681213379), Row(user_id=82429, rating=14.331048011779785), Row(user_id=123856, rating=13.704957962036133), Row(user_id=124701, rating=13.689899444580078), Row(user_id=39745, rating=13.675882339477539), Row(user_id=100071, rating=13.617399215698242), Row(user_id=16310, rating=13.4162015914917), Row(user_id=105136, rating=13.337937355041504), Row(user_id=38719, rating=13.300154685974121), Row(user_id=137024, rating=13.250218391418457)]"
140,NBA JAM  by EA SPORTS‚Ñ¢,"[Row(user_id=141796, rating=13.396849632263184), Row(user_id=97798, rating=13.059786796569824), Row(user_id=238525, rating=12.039536476135254), Row(user_id=194929, rating=11.562922477722168), Row(user_id=27960, rating=11.5184326171875), Row(user_id=87804, rating=11.51785659790039), Row(user_id=161204, rating=10.772895812988281), Row(user_id=98897, rating=10.378347396850586), Row(user_id=175588, rating=10.361957550048828), Row(user_id=38571, rating=10.334872245788574)]"
141,OK Golf,"[Row(user_id=123864, rating=14.095562934875488), Row(user_id=97706, rating=13.416914939880371), Row(user_id=102973, rating=13.15921401977539), Row(user_id=86413, rating=13.12550163269043), Row(user_id=189452, rating=12.423247337341309), Row(user_id=208921, rating=11.887055397033691), Row(user_id=81628, rating=11.615110397338867), Row(user_id=51864, rating=11.536163330078125), Row(user_id=169083, rating=11.411465644836426), Row(user_id=195003, rating=11.137362480163574)]"
142,Football Agent,"[Row(user_id=159849, rating=9.437461853027344), Row(user_id=82429, rating=9.409913063049316), Row(user_id=88857, rating=9.333812713623047), Row(user_id=145479, rating=9.032638549804688), Row(user_id=105546, rating=9.013206481933594), Row(user_id=192151, rating=8.978772163391113), Row(user_id=86463, rating=8.757925033569336), Row(user_id=18691, rating=8.743720054626465), Row(user_id=169114, rating=8.732810974121094), Row(user_id=94606, rating=8.666719436645508)]"
143,True Skate,"[Row(user_id=102973, rating=11.884915351867676), Row(user_id=85449, rating=9.261311531066895), Row(user_id=134768, rating=9.094096183776855), Row(user_id=24402, rating=8.983281135559082), Row(user_id=181694, rating=8.96518611907959), Row(user_id=187949, rating=8.742472648620605), Row(user_id=60476, rating=8.724664688110352), Row(user_id=98460, rating=8.526642799377441), Row(user_id=37594, rating=8.526642799377441), Row(user_id=189068, rating=8.42024040222168)]"
144,Ice Rage: Hockey Multiplayer game,"[Row(user_id=29329, rating=10.928839683532715), Row(user_id=88857, rating=10.750316619873047), Row(user_id=94107, rating=10.059335708618164), Row(user_id=74331, rating=9.603450775146484), Row(user_id=152046, rating=9.358720779418945), Row(user_id=185616, rating=9.354414939880371), Row(user_id=173430, rating=9.354414939880371), Row(user_id=185995, rating=9.347847938537598), Row(user_id=184127, rating=9.34368896484375), Row(user_id=183987, rating=9.324432373046875)]"
145,Football Chairman Pro - Build a Soccer Empire,"[Row(user_id=176712, rating=12.33022689819336), Row(user_id=152291, rating=12.303443908691406), Row(user_id=141803, rating=11.721406936645508), Row(user_id=105868, rating=11.621530532836914), Row(user_id=97798, rating=11.55621337890625), Row(user_id=152046, rating=11.516051292419434), Row(user_id=68021, rating=11.501025199890137), Row(user_id=231079, rating=11.478214263916016), Row(user_id=186541, rating=11.472639083862305), Row(user_id=8321, rating=11.460351943969727)]"
146,Football Manager 2020 Mobile,"[Row(user_id=176750, rating=9.638038635253906), Row(user_id=130406, rating=9.30127239227295), Row(user_id=172645, rating=8.48859977722168), Row(user_id=229617, rating=8.466150283813477), Row(user_id=105546, rating=8.42611026763916), Row(user_id=103001, rating=8.41299057006836), Row(user_id=86463, rating=8.388806343078613), Row(user_id=14619, rating=8.362665176391602), Row(user_id=181402, rating=8.194137573242188), Row(user_id=88857, rating=8.190716743469238)]"
147,Eternity Legends Premium,"[Row(user_id=169114, rating=11.741682052612305), Row(user_id=181402, rating=10.107032775878906), Row(user_id=134399, rating=9.977522850036621), Row(user_id=29897, rating=9.963720321655273), Row(user_id=88857, rating=9.94534969329834), Row(user_id=184876, rating=9.878589630126953), Row(user_id=90482, rating=9.83830738067627), Row(user_id=84546, rating=9.704554557800293), Row(user_id=36897, rating=9.520769119262695), Row(user_id=94606, rating=9.449230194091797)]"
148,Iron Marines: RTS Offline Real Time Strategy Game,"[Row(user_id=85449, rating=5.770156383514404), Row(user_id=168286, rating=5.432767391204834), Row(user_id=796, rating=5.143688678741455), Row(user_id=110900, rating=5.084042549133301), Row(user_id=29329, rating=5.079264163970947), Row(user_id=113039, rating=5.008947372436523), Row(user_id=162833, rating=4.986270427703857), Row(user_id=80455, rating=4.985331058502197), Row(user_id=155963, rating=4.980928897857666), Row(user_id=35760, rating=4.979204177856445)]"
149,Heroes Infinity Premium,"[Row(user_id=8136, rating=11.187806129455566), Row(user_id=122974, rating=9.678609848022461), Row(user_id=90217, rating=9.393268585205078), Row(user_id=128499, rating=8.967686653137207), Row(user_id=169715, rating=8.953508377075195), Row(user_id=184250, rating=8.45089054107666), Row(user_id=201264, rating=8.394662857055664), Row(user_id=84066, rating=8.364248275756836), Row(user_id=50109, rating=8.347151756286621), Row(user_id=29897, rating=8.29677677154541)]"
150,Rusted Warfare - RTS Strategy,"[Row(user_id=97621, rating=13.431760787963867), Row(user_id=192151, rating=11.938432693481445), Row(user_id=144023, rating=11.93286418914795), Row(user_id=37957, rating=11.789051055908203), Row(user_id=84510, rating=11.69927978515625), Row(user_id=135305, rating=11.578781127929688), Row(user_id=170258, rating=11.435368537902832), Row(user_id=22404, rating=11.393117904663086), Row(user_id=56364, rating=11.135726928710938), Row(user_id=122744, rating=11.010385513305664)]"
151,Five Nights at Freddy's 2,"[Row(user_id=82429, rating=12.761678695678711), Row(user_id=135133, rating=12.421440124511719), Row(user_id=100071, rating=11.70823860168457), Row(user_id=123856, rating=11.609496116638184), Row(user_id=94071, rating=11.140424728393555), Row(user_id=174663, rating=10.643302917480469), Row(user_id=37379, rating=10.590657234191895), Row(user_id=47837, rating=10.527298927307129), Row(user_id=130595, rating=10.508647918701172), Row(user_id=39745, rating=10.325658798217773)]"
152,King of Defense Premium: Tower Defense Offline,"[Row(user_id=63883, rating=12.90369701385498), Row(user_id=91259, rating=12.772207260131836), Row(user_id=82429, rating=10.862007141113281), Row(user_id=191672, rating=10.703971862792969), Row(user_id=201994, rating=10.696802139282227), Row(user_id=112963, rating=10.52822494506836), Row(user_id=159849, rating=10.507072448730469), Row(user_id=185527, rating=10.494418144226074), Row(user_id=130852, rating=10.183585166931152), Row(user_id=50558, rating=9.989867210388184)]"
153,Kingdom Rush Vengeance TD,"[Row(user_id=1167, rating=9.281886100769043), Row(user_id=230891, rating=9.173355102539062), Row(user_id=110900, rating=8.660923957824707), Row(user_id=169083, rating=8.485461235046387), Row(user_id=141033, rating=8.444262504577637), Row(user_id=113039, rating=8.24869155883789), Row(user_id=238263, rating=8.195113182067871), Row(user_id=80455, rating=8.161907196044922), Row(user_id=78259, rating=8.049310684204102), Row(user_id=796, rating=8.034822463989258)]"
154,The Escapists 2: Pocket Breakout,"[Row(user_id=184250, rating=13.597845077514648), Row(user_id=71843, rating=11.199352264404297), Row(user_id=160222, rating=10.970748901367188), Row(user_id=148057, rating=10.95975112915039), Row(user_id=159849, rating=10.613109588623047), Row(user_id=98256, rating=10.338610649108887), Row(user_id=82429, rating=10.324382781982422), Row(user_id=135512, rating=10.087932586669922), Row(user_id=145916, rating=9.67125129699707), Row(user_id=133464, rating=9.645569801330566)]"
155,Kingdom Rush Origins - Tower Defense Game,"[Row(user_id=31640, rating=15.119979858398438), Row(user_id=141796, rating=13.481318473815918), Row(user_id=190705, rating=13.03860855102539), Row(user_id=29897, rating=13.03467845916748), Row(user_id=44634, rating=12.644149780273438), Row(user_id=186541, rating=12.221352577209473), Row(user_id=3820, rating=12.04086685180664), Row(user_id=214885, rating=11.530830383300781), Row(user_id=143660, rating=11.429563522338867), Row(user_id=162833, rating=11.326815605163574)]"
156,Kingdom Rush Frontiers - Tower Defense Game,"[Row(user_id=1260, rating=4.9623236656188965), Row(user_id=7320, rating=4.9623236656188965), Row(user_id=11420, rating=4.9623236656188965), Row(user_id=11640, rating=4.9623236656188965), Row(user_id=36190, rating=4.9623236656188965), Row(user_id=36600, rating=4.9623236656188965), Row(user_id=40510, rating=4.9623236656188965), Row(user_id=48550, rating=4.9623236656188965), Row(user_id=48860, rating=4.9623236656188965), Row(user_id=48930, rating=4.9623236656188965)]"
157,Teeny Titans - Teen Titans Go!,"[Row(user_id=97621, rating=15.884851455688477), Row(user_id=101094, rating=14.285480499267578), Row(user_id=85515, rating=14.285480499267578), Row(user_id=87283, rating=13.533899307250977), Row(user_id=185995, rating=12.473746299743652), Row(user_id=64916, rating=11.96196174621582), Row(user_id=150888, rating=11.96196174621582), Row(user_id=2305, rating=11.723165512084961), Row(user_id=32422, rating=11.340693473815918), Row(user_id=8297, rating=10.704015731811523)]"
158,Dungeon Maker,"[Row(user_id=82429, rating=8.467822074890137), Row(user_id=136397, rating=7.253262519836426), Row(user_id=123864, rating=6.957749843597412), Row(user_id=85826, rating=6.8939690589904785), Row(user_id=184876, rating=6.854719638824463), Row(user_id=23923, rating=6.843725204467773), Row(user_id=185527, rating=6.8429741859436035), Row(user_id=173622, rating=6.811036586761475), Row(user_id=179551, rating=6.728102207183838), Row(user_id=48279, rating=6.719352722167969)]"
159,Bloons TD 6,"[Row(user_id=104195, rating=5.547235012054443), Row(user_id=39626, rating=5.360833168029785), Row(user_id=60476, rating=5.358447551727295), Row(user_id=47002, rating=5.302490711212158), Row(user_id=189068, rating=5.23984956741333), Row(user_id=48858, rating=5.200510501861572), Row(user_id=238876, rating=5.181872844696045), Row(user_id=185020, rating=5.156189441680908), Row(user_id=187949, rating=5.146740913391113), Row(user_id=34038, rating=5.042415618896484)]"
160,Empire Warriors Premium: Tower Defense Games,"[Row(user_id=175222, rating=12.102034568786621), Row(user_id=78052, rating=11.58401870727539), Row(user_id=123864, rating=11.134506225585938), Row(user_id=8297, rating=10.97076416015625), Row(user_id=102973, rating=10.817863464355469), Row(user_id=26831, rating=10.544528007507324), Row(user_id=83112, rating=10.464845657348633), Row(user_id=4158, rating=9.921968460083008), Row(user_id=173622, rating=9.645347595214844), Row(user_id=97706, rating=9.58355712890625)]"
161,Castle Defender Premium: Hero Idle Defense TD,"[Row(user_id=139480, rating=10.769694328308105), Row(user_id=47672, rating=10.48655891418457), Row(user_id=122819, rating=10.465832710266113), Row(user_id=177793, rating=10.258626937866211), Row(user_id=156, rating=10.020264625549316), Row(user_id=61101, rating=9.763906478881836), Row(user_id=139770, rating=9.681811332702637), Row(user_id=8258, rating=9.48983383178711), Row(user_id=143305, rating=9.475364685058594), Row(user_id=213887, rating=9.334778785705566)]"
162,Cartoon Craft,"[Row(user_id=186541, rating=6.361442565917969), Row(user_id=190705, rating=6.2768144607543945), Row(user_id=173430, rating=6.181403636932373), Row(user_id=185616, rating=6.181403636932373), Row(user_id=162833, rating=5.939640998840332), Row(user_id=157990, rating=5.909457206726074), Row(user_id=50308, rating=5.890491485595703), Row(user_id=179770, rating=5.796080589294434), Row(user_id=184127, rating=5.755291938781738), Row(user_id=31331, rating=5.711511135101318)]"
163,Bloons TD 5,"[Row(user_id=192729, rating=7.763454914093018), Row(user_id=196681, rating=7.746028423309326), Row(user_id=23508, rating=7.6731791496276855), Row(user_id=152291, rating=7.629394054412842), Row(user_id=105868, rating=7.398443222045898), Row(user_id=73338, rating=7.307667255401611), Row(user_id=145841, rating=7.285860538482666), Row(user_id=100885, rating=7.252263069152832), Row(user_id=90482, rating=7.2448906898498535), Row(user_id=229381, rating=7.149676322937012)]"
164,Trivia Crack (No Ads),"[Row(user_id=102973, rating=5.856457710266113), Row(user_id=883, rating=5.546964168548584), Row(user_id=201264, rating=5.110259056091309), Row(user_id=61687, rating=4.988951206207275), Row(user_id=14740, rating=4.977466583251953), Row(user_id=19110, rating=4.977466583251953), Row(user_id=7570, rating=4.977466583251953), Row(user_id=9550, rating=4.977466583251953), Row(user_id=11110, rating=4.977466583251953), Row(user_id=14620, rating=4.977466583251953)]"
165,Sporcle,"[Row(user_id=28133, rating=7.89719820022583), Row(user_id=90482, rating=7.601098537445068), Row(user_id=169114, rating=6.813309669494629), Row(user_id=86588, rating=6.7923970222473145), Row(user_id=25490, rating=6.690518379211426), Row(user_id=29897, rating=6.686338901519775), Row(user_id=94606, rating=6.627403736114502), Row(user_id=36897, rating=6.470311164855957), Row(user_id=8136, rating=6.432340621948242), Row(user_id=157983, rating=6.430069923400879)]"
166,Majotori,"[Row(user_id=82429, rating=7.84554386138916), Row(user_id=807, rating=7.582550525665283), Row(user_id=49912, rating=6.923440933227539), Row(user_id=83112, rating=6.919554710388184), Row(user_id=100071, rating=6.7812652587890625), Row(user_id=60476, rating=6.697296142578125), Row(user_id=23508, rating=6.693421363830566), Row(user_id=179551, rating=6.668043613433838), Row(user_id=78052, rating=6.627060413360596), Row(user_id=124701, rating=6.547234535217285)]"
167,Endless Quiz Pro,"[Row(user_id=61101, rating=7.774378776550293), Row(user_id=139770, rating=7.1880059242248535), Row(user_id=239881, rating=6.4139509201049805), Row(user_id=213427, rating=6.02082633972168), Row(user_id=883, rating=6.016449928283691), Row(user_id=40901, rating=6.012643814086914), Row(user_id=112889, rating=5.952533721923828), Row(user_id=86362, rating=5.925174236297607), Row(user_id=15982, rating=5.9192047119140625), Row(user_id=3276, rating=5.790180206298828)]"
168,Classic Words Plus,"[Row(user_id=176712, rating=6.596752643585205), Row(user_id=48858, rating=6.343521595001221), Row(user_id=29329, rating=6.298102378845215), Row(user_id=143305, rating=6.050721168518066), Row(user_id=181402, rating=6.034539222717285), Row(user_id=44682, rating=6.011725425720215), Row(user_id=100148, rating=5.982500076293945), Row(user_id=58797, rating=5.939103603363037), Row(user_id=73338, rating=5.795112133026123), Row(user_id=173430, rating=5.792274475097656)]"
169,Classic Words Plus,"[Row(user_id=192729, rating=7.894469738006592), Row(user_id=196681, rating=7.869059085845947), Row(user_id=184876, rating=7.5243048667907715), Row(user_id=90865, rating=7.452620983123779), Row(user_id=48858, rating=7.156231880187988), Row(user_id=100885, rating=7.105661392211914), Row(user_id=194929, rating=7.105489253997803), Row(user_id=107167, rating=7.00830078125), Row(user_id=22404, rating=6.770410537719727), Row(user_id=181402, rating=6.602267742156982)]"